{
    "influencesPerVertex":2,
    "metadata":{
        "bones":4,
        "normals":15,
        "uvs":0,
        "vertices":20,
        "type":"Geometry",
        "version":3,
        "faces":18,
        "generator":"io_three"
    },
    "bones":[{
        "pos":[0,0,-0],
        "parent":-1,
        "name":"Bone",
        "rotq":[0,0,0,1]
    },{
        "pos":[0,2,-0],
        "parent":0,
        "name":"Bone.001",
        "rotq":[0,0,0,1]
    },{
        "pos":[0,2,-0],
        "parent":1,
        "name":"Bone.002",
        "rotq":[0,0,0,1]
    },{
        "pos":[0,2,-0],
        "parent":2,
        "name":"Bone.003",
        "rotq":[0,0,0,1]
    }],
    "skinIndices":[0,1,0,1,0,1,0,1,0,1,0,1,0,1,0,1,2,1,2,1,2,1,2,1,3,2,3,2,3,2,3,2,3,2,3,2,3,2,3,2],
    "normals":[0,-1,0,-0,0,1,1,0,0,-0,-0,1,-1,-0,-0,0,0,-1,-1,-0,-0,1,0,1e-06,0,-0,-1,0,-0,-1,0,-0,-1,-0,0,1,1,0,1e-06,0,1,0,-0,0,1],
    "skinWeights":[0.909155,0.085547,0.916759,0.078386,0.909155,0.085547,0.916759,0.078386,0.496368,0.474261,0.496727,0.473922,0.496368,0.474261,0.496727,0.473922,0.472422,0.472286,0.472406,0.47227,0.472406,0.47227,0.472422,0.472286,0.496532,0.47544,0.496878,0.475113,0.496878,0.475113,0.496532,0.47544,0.909184,0.08576,0.916784,0.078583,0.916784,0.078583,0.909184,0.08576],
    "faces":[33,0,1,2,3,0,0,0,0,33,6,5,9,11,1,1,1,1,33,0,4,5,1,2,2,2,2,33,1,5,6,2,3,3,3,3,33,2,6,7,3,4,4,4,4,33,4,0,3,7,5,5,5,5,33,10,11,15,14,6,6,6,6,33,5,4,8,9,7,7,7,7,33,7,6,11,10,6,6,6,6,33,4,7,10,8,8,8,8,8,33,12,14,18,16,9,9,9,9,33,8,10,14,12,10,10,10,10,33,11,9,13,15,11,11,11,11,33,9,8,12,13,12,12,12,12,33,16,18,19,17,13,13,13,13,33,15,13,17,19,14,14,14,14,33,13,12,16,17,12,12,12,12,33,14,15,19,18,6,6,6,6],
    "uvs":[],
    "vertices":[1,-0,-1,1,0,1,-1,0,1,-1,-0,-1,1,2,-1,0.999999,2,1,-1,2,1,-1,2,-1,1,4,-1,0.999999,4,1,-1,4,-1,-1,4,0.999999,1,6,-1,0.999999,6,1,-1,6,-1,-1,6,0.999999,1,8,-1,0.999999,8,1,-1,8,-1,-1,8,0.999999],
    "name":"CubeGeometry"
}